{
  "timestamp": "2026-01-15T11:38:02.704515",
  "model": "RWKV-4-World-0.4B-v1-20230529-ctx4096.pth",
  "conditions": {
    "baseline": {
      "final_rho": -0.9999836087226868,
      "final_H": 0.0,
      "final_kappa": 0.9968834519386292,
      "final_D": -0.4199931156635284,
      "avg_rho": -0.999983686208725,
      "avg_H": 0.0,
      "avg_kappa": 0.9984027028083802,
      "avg_D": -0.4199931482076645,
      "total_tokens": 50
    },
    "grief": {
      "final_rho": -0.9999842643737793,
      "final_H": 0.0,
      "final_kappa": 0.9972878694534302,
      "final_D": -0.4199933910369873,
      "avg_rho": -0.9999844253063201,
      "avg_H": 0.0,
      "avg_kappa": 0.9985899925231934,
      "avg_D": -0.41999345862865445,
      "total_tokens": 86
    },
    "joy": {
      "final_rho": -0.999984085559845,
      "final_H": 0.0,
      "final_kappa": 0.9988743662834167,
      "final_D": -0.4199933159351349,
      "avg_rho": -0.9999841928482056,
      "avg_H": 0.0,
      "avg_kappa": 0.9989507913589477,
      "avg_D": -0.41999336099624635,
      "total_tokens": 84
    }
  },
  "analysis": {
    "grief_rho_diff": -7.390975951260259e-07,
    "grief_h_diff": 0.0,
    "joy_rho_diff": -5.066394805908203e-07,
    "joy_h_diff": 0.0,
    "grief_joy_diff": -2.324581145352056e-07
  }
}