{
  "timestamp": "2026-01-15T11:40:13.219569",
  "model": "RWKV-4-World-0.4B-v1-20230529-ctx4096.pth",
  "conditions": {
    "baseline": {
      "final_rho": 1.0,
      "final_H": 0.0,
      "final_kappa": 1.0,
      "final_D": 0.42,
      "avg_rho": 1.000000011920929,
      "avg_H": 0.0,
      "avg_kappa": 1.000000011920929,
      "avg_D": 0.42000000500679013,
      "total_tokens": 50
    },
    "grief": {
      "final_rho": 1.0,
      "final_H": 0.0,
      "final_kappa": 1.0,
      "final_D": 0.42,
      "avg_rho": 0.9999999970197677,
      "avg_H": 0.0,
      "avg_kappa": 0.9999999970197677,
      "avg_D": 0.4199999987483024,
      "total_tokens": 86
    },
    "joy": {
      "final_rho": 1.0,
      "final_H": 0.0,
      "final_kappa": 1.0,
      "final_D": 0.42,
      "avg_rho": 1.0,
      "avg_H": 0.0,
      "avg_kappa": 1.0,
      "avg_D": 0.42000000000000004,
      "total_tokens": 84
    }
  },
  "analysis": {
    "grief_rho_diff": -1.4901161193847656e-08,
    "grief_h_diff": 0.0,
    "joy_rho_diff": -1.1920928910669204e-08,
    "joy_h_diff": 0.0,
    "grief_joy_diff": -2.9802322831784522e-09
  }
}